Project,FileName,ASMRV,EILC,HCL,LRA,MMM,NCOE,NHE,NSL,NURP,PEO,TMC,TMS,UNMD,UNMI,UP,Changed,PrevFixing,CodeChurn,LOC
realm-java-v2.3.2,realm/realm-library/src/main/java/io/realm/internal/Util.java,0,0,0,0,0,0,0,0,0,0,0,1,0,0,0,1,12,238,123
realm-java-v2.3.2,realm/realm-library/src/main/cpp/util.cpp,0,0,0,0,0,0,12,0,0,0,0,0,0,0,0,1,22,185,382
realm-java-v2.3.2,realm/realm-library/src/main/java/io/realm/Property.java,0,0,0,0,0,0,0,0,0,0,0,1,0,0,0,1,2,65,46
realm-java-v2.3.2,realm/realm-library/src/main/java/io/realm/RealmObjectSchema.java,0,0,0,0,0,0,0,0,0,0,0,1,0,0,0,1,24,1071,787
realm-java-v2.3.2,realm/realm-library/src/main/java/io/realm/internal/TableQuery.java,0,15,0,0,0,0,0,0,0,0,1,0,0,6,0,1,15,564,688
realm-java-v2.3.2,realm/realm-library/src/main/java/io/realm/internal/SharedRealm.java,0,2,0,0,0,0,0,0,0,0,0,0,0,0,0,1,21,861,351
realm-java-v2.3.2,realm/realm-library/src/main/java/io/realm/internal/Table.java,0,23,0,0,0,0,0,0,0,0,1,0,0,1,0,1,29,2018,1207
realm-java-v2.3.2,realm/realm-library/src/main/java/io/realm/internal/LinkView.java,0,2,0,0,0,0,0,0,0,0,1,0,0,1,0,1,14,251,159
realm-java-v2.3.2,realm/realm-library/src/main/cpp/jni_util/java_method.cpp,0,0,0,0,0,0,2,0,0,0,0,0,0,0,0,1,1,43,36
realm-java-v2.3.2,realm/realm-library/src/main/java/io/realm/internal/CheckedRow.java,0,0,0,0,0,0,0,0,0,0,0,0,0,23,0,1,14,112,120
realm-java-v2.3.2,realm/realm-library/src/main/java/io/realm/RealmSchema.java,0,0,0,0,0,0,0,0,0,0,0,1,0,0,0,1,16,542,321
realm-java-v2.3.2,realm/realm-library/src/main/cpp/jni_util/log.cpp,0,0,0,0,0,0,1,0,0,0,0,0,0,0,0,1,2,193,162
realm-java-v2.3.2,realm/realm-library/src/main/cpp/io_realm_internal_TableQuery.cpp,0,0,0,3,0,0,0,0,0,0,0,0,0,0,0,1,14,798,1766
realm-java-v2.3.2,realm/realm-library/src/main/java/io/realm/internal/TableView.java,0,4,0,0,0,0,0,0,0,0,0,0,2,2,0,0,17,1651,714
realm-java-v2.3.2,realm/realm-library/src/main/java/io/realm/internal/NativeObjectReference.java,0,0,0,0,0,0,0,0,0,0,0,1,0,0,0,1,3,140,85
realm-java-v2.3.2,realm/realm-library/src/main/cpp/io_realm_internal_Util.cpp,0,0,0,0,0,0,1,0,0,0,0,0,0,0,0,1,9,182,70
realm-java-v2.3.2,realm/realm-library/src/objectServer/java/io/realm/SyncManager.java,0,0,0,0,0,0,0,0,0,0,0,1,0,0,0,1,12,78,209
realm-java-v2.3.2,realm/realm-library/src/main/java/io/realm/internal/UncheckedRow.java,0,2,0,0,0,0,0,0,0,0,0,0,0,0,0,1,12,300,282
realm-java-v2.3.2,realm/realm-library/src/main/java/io/realm/internal/TestUtil.java,0,2,0,0,0,0,0,0,0,0,0,1,0,0,0,1,2,32,21
realm-java-v5.15.0,realm/realm-library/src/main/java/io/realm/internal/OsSchemaInfo.java,0,0,0,0,0,0,0,0,0,0,0,1,0,0,0,0,3,113,81
realm-java-v5.15.0,realm/realm-library/src/main/java/io/realm/internal/OsSharedRealm.java,0,2,0,0,0,0,0,0,0,0,0,0,0,0,0,0,9,176,510
realm-java-v5.15.0,realm/realm-library/src/main/cpp/io_realm_SyncManager.cpp,0,0,0,0,0,0,0,0,0,0,0,0,0,0,1,0,19,373,121
realm-java-v5.15.0,realm/realm-library/src/main/java/io/realm/internal/OsRealmConfig.java,0,9,0,0,0,0,0,0,0,0,0,0,0,0,0,0,12,480,335
realm-java-v5.15.0,realm/realm-library/src/main/cpp/jni_util/log.cpp,0,0,0,0,0,0,1,0,0,0,0,0,0,0,0,0,7,323,222
realm-java-v5.15.0,realm/realm-library/src/main/java/io/realm/internal/OsResults.java,0,2,0,0,0,0,0,0,0,0,0,0,0,0,0,0,11,589,595
realm-java-v5.15.0,realm/realm-library/src/main/java/io/realm/log/RealmLog.java,0,2,0,0,0,0,0,0,0,0,1,0,0,0,0,0,14,679,278
realm-java-v5.15.0,realm/realm-library/src/main/cpp/util.cpp,0,0,0,0,0,0,9,0,0,0,0,0,0,0,0,0,43,514,462
realm-java-v5.15.0,realm/realm-library/src/main/java/io/realm/internal/OsObject.java,0,4,0,0,0,0,0,0,0,0,0,0,0,0,0,0,9,335,241
realm-java-v5.15.0,realm/realm-library/src/main/java/io/realm/internal/TableQuery.java,0,15,0,0,0,0,0,0,0,0,0,0,0,1,0,0,24,1193,596
realm-java-v5.15.0,realm/realm-library/src/main/java/io/realm/internal/NativeObjectReference.java,0,0,0,0,0,0,0,0,0,0,0,1,0,0,0,0,5,151,85
realm-java-v5.15.0,realm/realm-library/src/main/cpp/io_realm_internal_OsRealmConfig.cpp,0,0,0,2,0,0,0,0,0,0,0,0,0,0,0,0,20,622,432
realm-java-v5.15.0,realm/realm-library/src/main/java/io/realm/internal/UncheckedRow.java,0,2,0,0,0,0,0,0,0,0,0,0,0,0,0,0,22,417,277
realm-java-v5.15.0,realm/realm-library/src/main/java/io/realm/internal/Util.java,0,0,0,0,0,0,0,0,0,0,0,1,0,0,0,0,22,397,159
realm-java-v5.15.0,realm/realm-library/src/objectServer/java/io/realm/ClientResetRequiredError.java,0,0,0,0,0,0,0,0,0,0,0,1,0,0,0,0,2,28,85
realm-java-v5.15.0,realm/realm-library/src/main/java/io/realm/internal/OsList.java,0,6,0,0,0,0,0,0,0,0,0,0,0,0,0,0,5,352,246
realm-java-v5.15.0,realm/realm-library/src/main/java/io/realm/internal/Table.java,0,20,0,0,0,0,0,0,0,0,1,0,0,0,0,0,54,3060,667
realm-java-v5.15.0,realm/realm-library/src/main/cpp/jni_util/java_class.cpp,0,0,0,0,0,0,1,0,0,0,0,0,0,0,0,0,5,62,46
realm-java-v5.15.0,realm/realm-library/src/main/cpp/jni_util/java_method.cpp,0,0,0,0,0,0,1,0,0,0,0,0,0,0,0,0,6,105,29
realm-java-v5.15.0,realm/realm-library/src/main/java/io/realm/internal/OsCollectionChangeSet.java,0,0,0,0,0,0,0,0,0,0,0,1,0,0,0,0,4,177,181
realm-java-v5.15.0,realm/realm-library/src/objectServer/java/io/realm/SyncSession.java,0,2,0,0,0,0,0,0,0,0,0,0,0,0,0,1,31,1562,895
realm-java-v5.15.0,realm/realm-library/src/main/java/io/realm/internal/CheckedRow.java,0,0,0,0,0,0,0,0,0,0,0,0,0,22,0,0,20,226,150
realm-java-v5.15.0,realm/realm-library/src/main/java/io/realm/RealmQuery.java,0,0,0,0,0,0,0,0,0,0,0,1,0,0,0,0,72,6952,2179
realm-java-v5.15.0,realm/realm-library/src/objectServer/java/io/realm/SyncManager.java,0,0,0,0,0,0,0,0,0,0,0,1,0,0,0,1,43,808,704
realm-java-v5.15.0,realm/realm-library/src/main/java/io/realm/internal/objectstore/OsObjectBuilder.java,0,17,0,0,0,0,0,0,0,0,0,0,0,1,0,0,2,447,388
realm-java-v5.15.0,realm/realm-library/src/main/java/io/realm/internal/TestUtil.java,0,2,0,0,0,0,0,0,0,0,0,1,0,0,0,0,5,45,25
realm-java-v5.7.1,realm/realm-library/src/main/java/io/realm/internal/Util.java,0,0,0,0,0,0,0,0,0,0,0,1,0,0,0,1,20,364,129
realm-java-v5.7.1,realm/realm-library/src/main/cpp/util.cpp,0,0,0,0,0,0,9,0,0,0,0,0,0,0,0,1,39,484,436
realm-java-v5.7.1,realm/realm-library/src/main/java/io/realm/internal/OsSchemaInfo.java,0,0,0,0,0,0,0,0,0,0,0,1,0,0,0,0,3,113,81
realm-java-v5.7.1,realm/realm-library/src/objectServer/java/io/realm/ClientResetRequiredError.java,0,0,0,0,0,0,0,0,0,0,0,1,0,0,0,0,2,28,85
realm-java-v5.7.1,realm/realm-library/src/main/java/io/realm/internal/OsSharedRealm.java,0,2,0,0,0,0,0,0,0,0,0,0,0,0,0,1,8,174,510
realm-java-v5.7.1,realm/realm-library/src/main/java/io/realm/internal/OsObject.java,0,4,0,0,0,0,0,0,0,0,0,0,0,0,0,0,9,335,241
realm-java-v5.7.1,realm/realm-library/src/main/java/io/realm/internal/OsRealmConfig.java,0,8,0,0,0,0,0,0,0,0,0,0,0,0,0,0,8,405,279
realm-java-v5.7.1,realm/realm-library/src/main/java/io/realm/internal/TableQuery.java,0,15,0,0,0,0,0,0,0,0,0,0,0,1,0,0,24,1193,596
realm-java-v5.7.1,realm/realm-library/src/main/java/io/realm/internal/OsList.java,0,6,0,0,0,0,0,0,0,0,0,0,0,0,0,0,5,352,246
realm-java-v5.7.1,realm/realm-library/src/main/java/io/realm/internal/Table.java,0,20,0,0,0,0,0,0,0,0,1,0,0,0,0,0,53,3058,667
realm-java-v5.7.1,realm/realm-library/src/main/cpp/jni_util/java_class.cpp,0,0,0,0,0,0,1,0,0,0,0,0,0,0,0,0,5,62,46
realm-java-v5.7.1,realm/realm-library/src/main/cpp/jni_util/java_method.cpp,0,0,0,0,0,0,1,0,0,0,0,0,0,0,0,0,6,105,29
realm-java-v5.7.1,realm/realm-library/src/main/java/io/realm/internal/OsCollectionChangeSet.java,0,0,0,0,0,0,0,0,0,0,0,1,0,0,0,0,4,177,181
realm-java-v5.7.1,realm/realm-library/src/objectServer/java/io/realm/SyncSession.java,0,2,0,0,0,0,0,0,0,0,0,0,0,0,0,1,28,1449,815
realm-java-v5.7.1,realm/realm-library/src/main/java/io/realm/internal/CheckedRow.java,0,0,0,0,0,0,0,0,0,0,0,0,0,22,0,0,20,226,150
realm-java-v5.7.1,realm/realm-library/src/main/cpp/jni_util/log.cpp,0,0,0,0,0,0,1,0,0,0,0,0,0,0,0,0,7,323,222
realm-java-v5.7.1,realm/realm-library/src/main/java/io/realm/internal/NativeObjectReference.java,0,0,0,0,0,0,0,0,0,0,0,1,0,0,0,0,5,151,85
realm-java-v5.7.1,realm/realm-library/src/main/java/io/realm/log/RealmLog.java,0,2,0,0,0,0,0,0,0,0,1,0,0,0,0,0,14,679,278
realm-java-v5.7.1,realm/realm-library/src/objectServer/java/io/realm/SyncManager.java,0,0,0,0,0,0,0,0,0,0,0,1,0,0,0,1,36,770,689
realm-java-v5.7.1,realm/realm-library/src/main/java/io/realm/internal/UncheckedRow.java,0,2,0,0,0,0,0,0,0,0,0,0,0,0,0,0,21,415,277
realm-java-v5.7.1,realm/realm-library/src/main/cpp/io_realm_internal_OsRealmConfig.cpp,0,0,0,2,0,0,0,0,0,0,0,0,0,0,0,1,13,536,369
realm-java-v5.7.1,realm/realm-library/src/main/cpp/io_realm_SyncManager.cpp,0,0,0,0,0,0,0,0,0,0,0,0,0,0,1,1,17,364,120
realm-java-v5.7.1,realm/realm-library/src/main/java/io/realm/internal/TestUtil.java,0,2,0,0,0,0,0,0,0,0,0,1,0,0,0,0,4,40,21
realm-java-v0.90.0,realm/realm-library/src/main/java/io/realm/internal/Util.java,0,0,0,0,0,0,0,0,0,0,0,1,0,0,0,1,5,35,87
realm-java-v0.90.0,realm/realm-jni/src/util.cpp,0,0,0,0,0,0,14,0,0,0,0,0,0,0,0,1,6,74,364
realm-java-v0.90.0,realm/realm-jni/src/columntypeutil.cpp,0,0,0,0,0,0,1,0,0,0,0,0,0,0,0,0,0,4,75
realm-java-v0.90.0,realm/realm-jni/src/mixedutil.cpp,0,0,0,0,0,0,3,0,0,0,0,0,0,0,0,1,1,13,194
realm-java-v0.90.0,realm/realm-library/src/main/java/io/realm/internal/SharedGroup.java,0,5,0,0,0,0,0,0,0,0,1,0,0,1,0,1,4,81,292
realm-java-v0.90.0,realm/realm-library/src/main/java/io/realm/internal/TableQuery.java,0,18,0,0,0,0,0,0,0,0,1,0,0,5,0,1,5,196,706
realm-java-v0.90.0,realm/realm-jni/src/java_lang_List_Util.cpp,0,0,0,0,0,0,2,0,0,0,0,0,0,0,0,0,0,0,43
realm-java-v0.90.0,realm/realm-library/src/main/java/io/realm/internal/Table.java,0,11,0,0,0,0,0,0,0,0,1,0,1,0,0,1,11,870,1368
realm-java-v0.90.0,realm/realm-library/src/main/java/io/realm/internal/LinkView.java,0,0,0,0,0,0,0,0,0,0,1,0,0,1,0,1,6,138,161
realm-java-v0.90.0,realm/realm-jni/src/io_realm_internal_TableQuery.cpp,0,0,0,3,0,0,0,0,0,0,0,0,0,0,0,1,9,1117,1708
realm-java-v0.90.0,realm/realm-library/src/main/java/io/realm/internal/CheckedRow.java,0,0,0,0,0,0,0,0,0,0,0,0,0,26,0,1,7,82,128
realm-java-v0.90.0,realm/realm-library/src/main/java/io/realm/internal/SubtableSchema.java,0,0,0,0,0,0,0,0,0,0,0,1,0,0,0,0,1,19,60
realm-java-v0.90.0,realm/realm-jni/src/io_realm_internal_Util.cpp,0,0,0,0,0,0,1,0,0,0,0,0,0,0,0,1,4,40,164
realm-java-v0.90.0,realm/realm-library/src/main/java/io/realm/internal/TableView.java,0,5,0,0,0,0,0,0,0,0,1,0,3,2,0,1,6,593,805
realm-java-v0.90.0,realm/realm-library/src/main/java/io/realm/internal/Group.java,0,0,0,0,0,0,0,0,0,0,1,0,1,0,0,1,4,106,251
realm-java-v0.90.0,realm/realm-library/src/main/java/io/realm/internal/UncheckedRow.java,0,2,0,0,0,0,0,0,0,0,1,0,0,0,0,1,6,136,290
realm-java-v0.90.0,realm/realm-jni/src/TableSpecUtil.cpp,0,0,0,0,0,0,1,0,0,0,0,0,0,0,0,0,0,2,112
realm-java-v0.90.0,realm/realm-library/src/main/java/io/realm/internal/Version.java,0,0,0,0,0,0,0,0,0,0,0,1,0,0,0,0,1,6,67
realm-java-v3.7.2,realm/realm-library/src/main/java/io/realm/internal/Util.java,0,0,0,0,0,0,0,0,0,0,0,1,0,0,0,1,16,285,119
realm-java-v3.7.2,realm/realm-library/src/main/cpp/util.cpp,0,0,0,0,0,0,11,0,0,0,0,0,0,0,0,1,32,377,427
realm-java-v3.7.2,realm/realm-library/src/main/java/io/realm/internal/OsSchemaInfo.java,0,0,0,0,0,0,0,0,0,0,0,1,0,0,0,1,2,99,81
realm-java-v3.7.2,realm/realm-library/src/objectServer/java/io/realm/ClientResetRequiredError.java,0,0,0,0,0,0,0,0,0,0,0,1,0,0,0,1,1,6,77
realm-java-v3.7.2,realm/realm-library/src/main/java/io/realm/internal/OsObject.java,0,4,0,0,0,0,0,0,0,0,0,0,0,0,0,1,7,309,233
realm-java-v3.7.2,realm/realm-library/src/main/java/io/realm/internal/OsRealmConfig.java,0,8,0,0,0,0,0,0,0,0,0,0,0,0,0,1,2,265,218
realm-java-v3.7.2,realm/realm-library/src/main/java/io/realm/internal/TableQuery.java,0,15,0,0,0,0,0,0,0,0,0,0,0,1,0,0,22,1174,581
realm-java-v3.7.2,realm/realm-library/src/main/java/io/realm/internal/SharedRealm.java,0,2,0,0,0,0,0,0,0,0,0,0,0,0,0,1,40,1551,440
realm-java-v3.7.2,realm/realm-library/src/main/java/io/realm/internal/Table.java,0,18,0,0,0,0,0,0,0,0,1,0,0,4,0,1,46,2731,838
realm-java-v3.7.2,realm/realm-library/src/main/cpp/jni_util/java_class.cpp,0,0,0,0,0,0,1,0,0,0,0,0,0,0,0,0,5,62,46
realm-java-v3.7.2,realm/realm-library/src/main/cpp/jni_util/java_method.cpp,0,0,0,0,0,0,1,0,0,0,0,0,0,0,0,0,6,105,29
realm-java-v3.7.2,realm/realm-library/src/main/java/io/realm/internal/OsCollectionChangeSet.java,0,0,0,0,0,0,0,0,0,0,0,1,0,0,0,1,1,6,114
realm-java-v3.7.2,realm/realm-library/src/main/java/io/realm/internal/CheckedRow.java,0,0,0,0,0,0,0,0,0,0,0,0,0,22,0,1,18,180,129
realm-java-v3.7.2,realm/realm-library/src/main/cpp/jni_util/log.cpp,0,0,0,0,0,0,1,0,0,0,0,0,0,0,0,0,7,323,222
realm-java-v3.7.2,realm/realm-library/src/main/java/io/realm/internal/Property.java,0,3,0,0,0,0,0,0,0,0,0,0,0,0,0,1,4,189,161
realm-java-v3.7.2,realm/realm-library/src/main/java/io/realm/internal/NativeObjectReference.java,0,0,0,0,0,0,0,0,0,0,0,1,0,0,0,0,5,151,85
realm-java-v3.7.2,realm/realm-library/src/main/java/io/realm/log/RealmLog.java,0,2,0,0,0,0,0,0,0,0,1,0,0,0,0,0,14,679,278
realm-java-v3.7.2,realm/realm-library/src/main/java/io/realm/internal/OsObjectSchemaInfo.java,0,1,0,0,0,0,0,0,0,0,0,1,0,0,0,1,3,198,145
realm-java-v3.7.2,realm/realm-library/src/objectServer/java/io/realm/SyncManager.java,0,0,0,0,0,0,0,0,0,0,0,1,0,0,0,1,28,386,352
realm-java-v3.7.2,realm/realm-library/src/main/java/io/realm/internal/UncheckedRow.java,0,2,0,0,0,0,0,0,0,0,0,0,0,0,0,1,18,394,277
realm-java-v3.7.2,realm/realm-library/src/main/cpp/io_realm_SyncManager.cpp,0,0,0,0,0,0,0,0,0,0,0,0,0,0,1,0,17,364,120
realm-java-v3.7.2,realm/realm-library/src/main/java/io/realm/internal/Collection.java,0,2,0,0,0,0,0,0,0,0,0,0,0,0,0,1,25,1228,495
realm-java-v3.7.2,realm/realm-library/src/main/java/io/realm/internal/TestUtil.java,0,2,0,0,0,0,0,0,0,0,0,1,0,0,0,0,4,40,21
realm-java-v5.11.0,realm/realm-library/src/main/java/io/realm/internal/OsSchemaInfo.java,0,0,0,0,0,0,0,0,0,0,0,1,0,0,0,0,3,113,81
realm-java-v5.11.0,realm/realm-library/src/main/java/io/realm/internal/OsSharedRealm.java,0,2,0,0,0,0,0,0,0,0,0,0,0,0,0,0,9,176,510
realm-java-v5.11.0,realm/realm-library/src/main/cpp/io_realm_SyncManager.cpp,0,0,0,0,0,0,0,0,0,0,0,0,0,0,1,0,19,373,121
realm-java-v5.11.0,realm/realm-library/src/main/java/io/realm/internal/OsRealmConfig.java,0,8,0,0,0,0,0,0,0,0,0,0,0,0,0,1,9,419,286
realm-java-v5.11.0,realm/realm-library/src/main/cpp/jni_util/log.cpp,0,0,0,0,0,0,1,0,0,0,0,0,0,0,0,0,7,323,222
realm-java-v5.11.0,realm/realm-library/src/main/java/io/realm/internal/OsResults.java,0,2,0,0,0,0,0,0,0,0,0,0,0,0,0,1,10,583,591
realm-java-v5.11.0,realm/realm-library/src/main/java/io/realm/log/RealmLog.java,0,2,0,0,0,0,0,0,0,0,1,0,0,0,0,0,14,679,278
realm-java-v5.11.0,realm/realm-library/src/main/cpp/util.cpp,0,0,0,0,0,0,9,0,0,0,0,0,0,0,0,0,43,514,462
realm-java-v5.11.0,realm/realm-library/src/main/java/io/realm/internal/OsObject.java,0,4,0,0,0,0,0,0,0,0,0,0,0,0,0,0,9,335,241
realm-java-v5.11.0,realm/realm-library/src/main/java/io/realm/internal/TableQuery.java,0,15,0,0,0,0,0,0,0,0,0,0,0,1,0,0,24,1193,596
realm-java-v5.11.0,realm/realm-library/src/main/java/io/realm/internal/NativeObjectReference.java,0,0,0,0,0,0,0,0,0,0,0,1,0,0,0,0,5,151,85
realm-java-v5.11.0,realm/realm-library/src/main/cpp/io_realm_internal_OsRealmConfig.cpp,0,0,0,2,0,0,0,0,0,0,0,0,0,0,0,1,16,583,406
realm-java-v5.11.0,realm/realm-library/src/main/java/io/realm/internal/UncheckedRow.java,0,2,0,0,0,0,0,0,0,0,0,0,0,0,0,0,22,417,277
realm-java-v5.11.0,realm/realm-library/src/main/java/io/realm/internal/Util.java,0,0,0,0,0,0,0,0,0,0,0,1,0,0,0,0,22,397,159
realm-java-v5.11.0,realm/realm-library/src/objectServer/java/io/realm/ClientResetRequiredError.java,0,0,0,0,0,0,0,0,0,0,0,1,0,0,0,0,2,28,85
realm-java-v5.11.0,realm/realm-library/src/main/java/io/realm/internal/OsList.java,0,6,0,0,0,0,0,0,0,0,0,0,0,0,0,0,5,352,246
realm-java-v5.11.0,realm/realm-library/src/main/java/io/realm/internal/Table.java,0,20,0,0,0,0,0,0,0,0,1,0,0,0,0,0,54,3060,667
realm-java-v5.11.0,realm/realm-library/src/main/cpp/jni_util/java_class.cpp,0,0,0,0,0,0,1,0,0,0,0,0,0,0,0,0,5,62,46
realm-java-v5.11.0,realm/realm-library/src/main/cpp/jni_util/java_method.cpp,0,0,0,0,0,0,1,0,0,0,0,0,0,0,0,0,6,105,29
realm-java-v5.11.0,realm/realm-library/src/main/java/io/realm/internal/OsCollectionChangeSet.java,0,0,0,0,0,0,0,0,0,0,0,1,0,0,0,0,4,177,181
realm-java-v5.11.0,realm/realm-library/src/objectServer/java/io/realm/SyncSession.java,0,2,0,0,0,0,0,0,0,0,0,0,0,0,0,1,30,1554,889
realm-java-v5.11.0,realm/realm-library/src/main/java/io/realm/internal/CheckedRow.java,0,0,0,0,0,0,0,0,0,0,0,0,0,22,0,0,20,226,150
realm-java-v5.11.0,realm/realm-library/src/main/java/io/realm/RealmQuery.java,0,0,0,0,0,0,0,0,0,0,0,1,0,0,0,1,71,6947,2176
realm-java-v5.11.0,realm/realm-library/src/objectServer/java/io/realm/SyncManager.java,0,0,0,0,0,0,0,0,0,0,0,1,0,0,0,1,40,786,690
realm-java-v5.11.0,realm/realm-library/src/main/java/io/realm/internal/objectstore/OsObjectBuilder.java,0,17,0,0,0,0,0,0,0,0,0,0,0,1,0,0,2,447,388
realm-java-v5.11.0,realm/realm-library/src/main/java/io/realm/internal/TestUtil.java,0,2,0,0,0,0,0,0,0,0,0,1,0,0,0,0,5,45,25
realm-java-v4.4.0,realm/realm-library/src/main/java/io/realm/internal/Util.java,0,0,0,0,0,0,0,0,0,0,0,1,0,0,0,1,19,356,123
realm-java-v4.4.0,realm/realm-library/src/main/cpp/util.cpp,0,0,0,0,0,0,9,0,0,0,0,0,0,0,0,0,38,464,436
realm-java-v4.4.0,realm/realm-library/src/main/java/io/realm/internal/OsSchemaInfo.java,0,0,0,0,0,0,0,0,0,0,0,1,0,0,0,0,3,113,81
realm-java-v4.4.0,realm/realm-library/src/objectServer/java/io/realm/ClientResetRequiredError.java,0,0,0,0,0,0,0,0,0,0,0,1,0,0,0,0,2,28,85
realm-java-v4.4.0,realm/realm-library/src/main/java/io/realm/internal/OsSharedRealm.java,0,2,0,0,0,0,0,0,0,0,0,0,0,0,0,1,7,164,514
realm-java-v4.4.0,realm/realm-library/src/main/java/io/realm/internal/OsObject.java,0,4,0,0,0,0,0,0,0,0,0,0,0,0,0,0,9,335,241
realm-java-v4.4.0,realm/realm-library/src/main/java/io/realm/internal/OsRealmConfig.java,0,8,0,0,0,0,0,0,0,0,0,0,0,0,0,0,7,366,251
realm-java-v4.4.0,realm/realm-library/src/main/java/io/realm/internal/TableQuery.java,0,15,0,0,0,0,0,0,0,0,0,0,0,1,0,1,22,1174,581
realm-java-v4.4.0,realm/realm-library/src/main/java/io/realm/internal/OsList.java,0,6,0,0,0,0,0,0,0,0,0,0,0,0,0,0,5,352,245
realm-java-v4.4.0,realm/realm-library/src/main/java/io/realm/internal/Table.java,0,20,0,0,0,0,0,0,0,0,1,0,0,0,0,1,52,3052,659
realm-java-v4.4.0,realm/realm-library/src/main/cpp/jni_util/java_class.cpp,0,0,0,0,0,0,1,0,0,0,0,0,0,0,0,0,5,62,46
realm-java-v4.4.0,realm/realm-library/src/main/cpp/jni_util/java_method.cpp,0,0,0,0,0,0,1,0,0,0,0,0,0,0,0,0,6,105,29
realm-java-v4.4.0,realm/realm-library/src/main/java/io/realm/internal/OsCollectionChangeSet.java,0,0,0,0,0,0,0,0,0,0,0,1,0,0,0,0,4,177,130
realm-java-v4.4.0,realm/realm-library/src/objectServer/java/io/realm/SyncSession.java,0,2,0,0,0,0,0,0,0,0,0,0,0,0,0,0,26,1253,658
realm-java-v4.4.0,realm/realm-library/src/main/java/io/realm/internal/CheckedRow.java,0,0,0,0,0,0,0,0,0,0,0,0,0,22,0,0,20,226,150
realm-java-v4.4.0,realm/realm-library/src/main/cpp/jni_util/log.cpp,0,0,0,0,0,0,1,0,0,0,0,0,0,0,0,0,7,323,222
realm-java-v4.4.0,realm/realm-library/src/main/java/io/realm/internal/NativeObjectReference.java,0,0,0,0,0,0,0,0,0,0,0,1,0,0,0,0,5,151,85
realm-java-v4.4.0,realm/realm-library/src/main/java/io/realm/log/RealmLog.java,0,2,0,0,0,0,0,0,0,0,1,0,0,0,0,0,14,679,278
realm-java-v4.4.0,realm/realm-library/src/objectServer/java/io/realm/SyncManager.java,0,0,0,0,0,0,0,0,0,0,0,1,0,0,0,1,30,568,515
realm-java-v4.4.0,realm/realm-library/src/main/java/io/realm/internal/UncheckedRow.java,0,2,0,0,0,0,0,0,0,0,0,0,0,0,0,0,21,415,277
realm-java-v4.4.0,realm/realm-library/src/main/cpp/io_realm_SyncManager.cpp,0,0,0,0,0,0,0,0,0,0,0,0,0,0,1,0,17,364,120
realm-java-v4.4.0,realm/realm-library/src/main/java/io/realm/internal/TestUtil.java,0,2,0,0,0,0,0,0,0,0,0,1,0,0,0,0,4,40,21
realm-java-v5.4.0,realm/realm-library/src/main/java/io/realm/internal/Util.java,0,0,0,0,0,0,0,0,0,0,0,1,0,0,0,0,20,364,129
realm-java-v5.4.0,realm/realm-library/src/main/cpp/util.cpp,0,0,0,0,0,0,9,0,0,0,0,0,0,0,0,1,38,464,436
realm-java-v5.4.0,realm/realm-library/src/main/java/io/realm/internal/OsSchemaInfo.java,0,0,0,0,0,0,0,0,0,0,0,1,0,0,0,0,3,113,81
realm-java-v5.4.0,realm/realm-library/src/objectServer/java/io/realm/ClientResetRequiredError.java,0,0,0,0,0,0,0,0,0,0,0,1,0,0,0,0,2,28,85
realm-java-v5.4.0,realm/realm-library/src/main/java/io/realm/internal/OsSharedRealm.java,0,2,0,0,0,0,0,0,0,0,0,0,0,0,0,0,8,174,510
realm-java-v5.4.0,realm/realm-library/src/main/java/io/realm/internal/OsObject.java,0,4,0,0,0,0,0,0,0,0,0,0,0,0,0,0,9,335,241
realm-java-v5.4.0,realm/realm-library/src/main/java/io/realm/internal/OsRealmConfig.java,0,8,0,0,0,0,0,0,0,0,0,0,0,0,0,1,7,366,251
realm-java-v5.4.0,realm/realm-library/src/main/java/io/realm/internal/TableQuery.java,0,15,0,0,0,0,0,0,0,0,0,0,0,1,0,0,24,1193,596
realm-java-v5.4.0,realm/realm-library/src/main/java/io/realm/internal/OsList.java,0,6,0,0,0,0,0,0,0,0,0,0,0,0,0,0,5,352,246
realm-java-v5.4.0,realm/realm-library/src/main/java/io/realm/internal/Table.java,0,20,0,0,0,0,0,0,0,0,1,0,0,0,0,0,53,3058,667
realm-java-v5.4.0,realm/realm-library/src/main/cpp/jni_util/java_class.cpp,0,0,0,0,0,0,1,0,0,0,0,0,0,0,0,0,5,62,46
realm-java-v5.4.0,realm/realm-library/src/main/cpp/jni_util/java_method.cpp,0,0,0,0,0,0,1,0,0,0,0,0,0,0,0,0,6,105,29
realm-java-v5.4.0,realm/realm-library/src/main/java/io/realm/internal/OsCollectionChangeSet.java,0,0,0,0,0,0,0,0,0,0,0,1,0,0,0,0,4,177,181
realm-java-v5.4.0,realm/realm-library/src/objectServer/java/io/realm/SyncSession.java,0,2,0,0,0,0,0,0,0,0,0,0,0,0,0,1,26,1253,658
realm-java-v5.4.0,realm/realm-library/src/main/java/io/realm/internal/CheckedRow.java,0,0,0,0,0,0,0,0,0,0,0,0,0,22,0,0,20,226,150
realm-java-v5.4.0,realm/realm-library/src/main/cpp/jni_util/log.cpp,0,0,0,0,0,0,1,0,0,0,0,0,0,0,0,0,7,323,222
realm-java-v5.4.0,realm/realm-library/src/main/java/io/realm/internal/NativeObjectReference.java,0,0,0,0,0,0,0,0,0,0,0,1,0,0,0,0,5,151,85
realm-java-v5.4.0,realm/realm-library/src/main/java/io/realm/log/RealmLog.java,0,2,0,0,0,0,0,0,0,0,1,0,0,0,0,0,14,679,278
realm-java-v5.4.0,realm/realm-library/src/objectServer/java/io/realm/SyncManager.java,0,0,0,0,0,0,0,0,0,0,0,1,0,0,0,1,33,587,520
realm-java-v5.4.0,realm/realm-library/src/main/java/io/realm/internal/UncheckedRow.java,0,2,0,0,0,0,0,0,0,0,0,0,0,0,0,0,21,415,277
realm-java-v5.4.0,realm/realm-library/src/main/cpp/io_realm_SyncManager.cpp,0,0,0,0,0,0,0,0,0,0,0,0,0,0,1,0,17,364,120
realm-java-v5.4.0,realm/realm-library/src/main/java/io/realm/internal/TestUtil.java,0,2,0,0,0,0,0,0,0,0,0,1,0,0,0,0,4,40,21
realm-java-v1.2.0,realm/realm-jni/src/util.cpp,0,0,0,0,0,0,14,0,0,0,0,0,0,0,0,0,12,315,349
realm-java-v1.2.0,realm/realm-library/src/main/java/io/realm/internal/SharedGroup.java,0,5,0,0,0,0,0,0,0,0,1,0,0,0,0,0,7,201,341
realm-java-v1.2.0,realm/realm-library/src/main/java/io/realm/internal/TableQuery.java,0,18,0,0,0,0,0,0,0,0,1,0,0,5,0,1,7,226,707
realm-java-v1.2.0,realm/realm-jni/src/java_lang_List_Util.cpp,0,0,0,0,0,0,2,0,0,0,0,0,0,0,0,0,0,0,43
realm-java-v1.2.0,realm/realm-library/src/main/java/io/realm/internal/Table.java,0,23,0,0,0,0,0,0,0,0,1,0,1,1,0,1,18,1151,1341
realm-java-v1.2.0,realm/realm-library/src/main/java/io/realm/internal/LinkView.java,0,3,0,0,0,0,0,0,0,0,1,0,0,1,0,1,7,144,161
realm-java-v1.2.0,realm/realm-jni/src/io_realm_internal_TableQuery.cpp,0,0,0,3,0,0,0,0,0,0,0,0,0,0,0,0,16,1260,1738
realm-java-v1.2.0,realm/realm-library/src/main/java/io/realm/internal/CheckedRow.java,0,0,0,0,0,0,0,0,0,0,0,0,0,23,0,1,9,87,125
realm-java-v1.2.0,realm/realm-jni/src/io_realm_internal_Util.cpp,0,0,0,0,0,0,1,0,0,0,0,0,0,0,0,0,8,60,170
realm-java-v1.2.0,realm/realm-library/src/main/java/io/realm/internal/TableView.java,0,5,0,0,0,0,0,0,0,0,1,0,2,2,0,1,12,686,760
realm-java-v1.2.0,realm/realm-library/src/main/java/io/realm/internal/Group.java,0,0,0,0,0,0,0,0,0,0,1,0,0,0,0,0,5,107,250
realm-java-v1.2.0,realm/realm-library/src/main/java/io/realm/internal/UncheckedRow.java,0,2,0,0,0,0,0,0,0,0,1,0,0,0,0,1,8,160,271
realm-java-v5.9.0,realm/realm-library/src/main/java/io/realm/internal/OsSchemaInfo.java,0,0,0,0,0,0,0,0,0,0,0,1,0,0,0,0,3,113,81
realm-java-v5.9.0,realm/realm-library/src/main/java/io/realm/internal/OsSharedRealm.java,0,2,0,0,0,0,0,0,0,0,0,0,0,0,0,0,9,176,510
realm-java-v5.9.0,realm/realm-library/src/main/cpp/io_realm_SyncManager.cpp,0,0,0,0,0,0,0,0,0,0,0,0,0,0,1,0,19,373,121
realm-java-v5.9.0,realm/realm-library/src/main/java/io/realm/internal/OsRealmConfig.java,0,8,0,0,0,0,0,0,0,0,0,0,0,0,0,1,8,405,279
realm-java-v5.9.0,realm/realm-library/src/main/cpp/jni_util/log.cpp,0,0,0,0,0,0,1,0,0,0,0,0,0,0,0,0,7,323,222
realm-java-v5.9.0,realm/realm-library/src/main/java/io/realm/internal/OsResults.java,0,2,0,0,0,0,0,0,0,0,0,0,0,0,0,0,10,583,591
realm-java-v5.9.0,realm/realm-library/src/main/java/io/realm/log/RealmLog.java,0,2,0,0,0,0,0,0,0,0,1,0,0,0,0,0,14,679,278
realm-java-v5.9.0,realm/realm-library/src/main/cpp/util.cpp,0,0,0,0,0,0,9,0,0,0,0,0,0,0,0,1,41,507,455
realm-java-v5.9.0,realm/realm-library/src/main/java/io/realm/internal/OsObject.java,0,4,0,0,0,0,0,0,0,0,0,0,0,0,0,0,9,335,241
realm-java-v5.9.0,realm/realm-library/src/main/java/io/realm/internal/TableQuery.java,0,15,0,0,0,0,0,0,0,0,0,0,0,1,0,0,24,1193,596
realm-java-v5.9.0,realm/realm-library/src/main/java/io/realm/internal/NativeObjectReference.java,0,0,0,0,0,0,0,0,0,0,0,1,0,0,0,0,5,151,85
realm-java-v5.9.0,realm/realm-library/src/main/cpp/io_realm_internal_OsRealmConfig.cpp,0,0,0,2,0,0,0,0,0,0,0,0,0,0,0,1,14,579,402
realm-java-v5.9.0,realm/realm-library/src/main/java/io/realm/internal/UncheckedRow.java,0,2,0,0,0,0,0,0,0,0,0,0,0,0,0,0,22,417,277
realm-java-v5.9.0,realm/realm-library/src/main/java/io/realm/internal/Util.java,0,0,0,0,0,0,0,0,0,0,0,1,0,0,0,1,21,388,152
realm-java-v5.9.0,realm/realm-library/src/objectServer/java/io/realm/ClientResetRequiredError.java,0,0,0,0,0,0,0,0,0,0,0,1,0,0,0,0,2,28,85
realm-java-v5.9.0,realm/realm-library/src/main/java/io/realm/internal/OsList.java,0,6,0,0,0,0,0,0,0,0,0,0,0,0,0,0,5,352,246
realm-java-v5.9.0,realm/realm-library/src/main/java/io/realm/internal/Table.java,0,20,0,0,0,0,0,0,0,0,1,0,0,0,0,0,54,3060,667
realm-java-v5.9.0,realm/realm-library/src/main/cpp/jni_util/java_class.cpp,0,0,0,0,0,0,1,0,0,0,0,0,0,0,0,0,5,62,46
realm-java-v5.9.0,realm/realm-library/src/main/cpp/jni_util/java_method.cpp,0,0,0,0,0,0,1,0,0,0,0,0,0,0,0,0,6,105,29
realm-java-v5.9.0,realm/realm-library/src/main/java/io/realm/internal/OsCollectionChangeSet.java,0,0,0,0,0,0,0,0,0,0,0,1,0,0,0,0,4,177,181
realm-java-v5.9.0,realm/realm-library/src/objectServer/java/io/realm/SyncSession.java,0,2,0,0,0,0,0,0,0,0,0,0,0,0,0,0,30,1554,889
realm-java-v5.9.0,realm/realm-library/src/main/java/io/realm/internal/CheckedRow.java,0,0,0,0,0,0,0,0,0,0,0,0,0,22,0,0,20,226,150
realm-java-v5.9.0,realm/realm-library/src/main/java/io/realm/RealmQuery.java,0,0,0,0,0,0,0,0,0,0,0,1,0,0,0,1,69,6695,1965
realm-java-v5.9.0,realm/realm-library/src/objectServer/java/io/realm/SyncManager.java,0,0,0,0,0,0,0,0,0,0,0,1,0,0,0,0,40,786,690
realm-java-v5.9.0,realm/realm-library/src/main/java/io/realm/internal/objectstore/OsObjectBuilder.java,0,17,0,0,0,0,0,0,0,0,0,0,0,1,0,0,2,447,388
realm-java-v5.9.0,realm/realm-library/src/main/java/io/realm/internal/TestUtil.java,0,2,0,0,0,0,0,0,0,0,0,1,0,0,0,1,4,40,21
